gene_symbol	Gene.ID
A3GALT2	ENSG00000184389
ABCA1	ENSG00000165029
ABCC6	ENSG00000091262
ABCC9	ENSG00000069431
ABCE1	ENSG00000164163
ABHD17C	ENSG00000136379
ABL1	ENSG00000097007
ABTB2	ENSG00000166016
ACBD5	ENSG00000107897
ACLY	ENSG00000131473
ACSL3	ENSG00000123983
ACSM2A	ENSG00000183747
ACSS2	ENSG00000131069
ACTA2	ENSG00000107796
ACTB	ENSG00000075624
ACTC1	ENSG00000159251
ACTG2	ENSG00000163017
ACTL6B	ENSG00000077080
ACTN4	ENSG00000130402
ACTR2	ENSG00000138071
ACTR3	ENSG00000115091
ACTR3B	ENSG00000133627
ACTR3C	ENSG00000106526
ACTR5	ENSG00000101442
ADAM11	ENSG00000073670
ADAM23	ENSG00000114948
ADAMTS10	ENSG00000142303
ADAMTS19	ENSG00000145808
ADAMTS7	ENSG00000136378
ADCY1	ENSG00000164742
ADCY2	ENSG00000078295
ADCY3	ENSG00000138031
ADCY5	ENSG00000173175
ADCY6	ENSG00000174233
ADRA1B	ENSG00000170214
ADRBK1	ENSG00000173020
AEBP2	ENSG00000139154
AES	ENSG00000104964
AFF3	ENSG00000144218
AFF4	ENSG00000072364
AGAP2	ENSG00000135439
AGAP3	ENSG00000133612
AGFG1	ENSG00000173744
AGO1	ENSG00000092847
AGO2	ENSG00000123908
AGO3	ENSG00000126070
AGPAT1	ENSG00000204310
AHCYL1	ENSG00000168710
AIDA	ENSG00000186063
AKR1B10	ENSG00000198074
AKR1C1	ENSG00000187134
AKR1C2	ENSG00000151632
AKR7A2	ENSG00000053371
AKR7A3	ENSG00000162482
AKT1	ENSG00000142208
AKT1S1	ENSG00000204673
AKT3	ENSG00000117020
ALG1	ENSG00000033011
ALKBH5	ENSG00000091542
ALKBH6	ENSG00000239382
ALOXE3	ENSG00000179148
ALPP	ENSG00000163283
ALPPL2	ENSG00000163286
ALYREF	ENSG00000183684
AMMECR1L	ENSG00000144233
AMPH	ENSG00000078053
AMY1C	ENSG00000187733
AMY2A	ENSG00000243480
ANKRD11	ENSG00000167522
ANKRD17	ENSG00000132466
ANKRD18A	ENSG00000180071
ANKRD20A1	ENSG00000196774
ANKRD30B	ENSG00000180777
ANKRD9	ENSG00000156381
ANP32A	ENSG00000140350
ANXA8L2	ENSG00000186807
AOC3	ENSG00000131471
AP1B1	ENSG00000100280
AP1M1	ENSG00000072958
AP1S1	ENSG00000106367
AP1S2	ENSG00000182287
AP2A1	ENSG00000196961
AP2B1	ENSG00000006125
AP2M1	ENSG00000161203
AP2S1	ENSG00000042753
APBB1	ENSG00000166313
APOBEC3A	ENSG00000128383
APOBEC3B	ENSG00000179750
APOBEC3D	ENSG00000243811
AREG	ENSG00000109321
ARF1	ENSG00000143761
ARF3	ENSG00000134287
ARF4	ENSG00000168374
ARF5	ENSG00000004059
ARF6	ENSG00000165527
ARFGEF1	ENSG00000066777
ARGLU1	ENSG00000134884
ARHGAP11A	ENSG00000198826
ARHGAP11B	ENSG00000187951
ARHGAP21	ENSG00000107863
ARHGAP32	ENSG00000134909
ARHGAP39	ENSG00000147799
ARHGEF1	ENSG00000076928
ARHGEF12	ENSG00000196914
ARHGEF18	ENSG00000104880
ARHGEF35	ENSG00000213214
ARID1B	ENSG00000049618
ARID2	ENSG00000189079
ARID3A	ENSG00000116017
ARID4B	ENSG00000054267
ARID5A	ENSG00000196843
ARID5B	ENSG00000150347
ARIH1	ENSG00000166233
ARIH2	ENSG00000177479
ARL1	ENSG00000120805
ARL10	ENSG00000175414
ARL4C	ENSG00000188042
ARL8A	ENSG00000143862
ARL8B	ENSG00000134108
ARMC10	ENSG00000170632
ARMC4	ENSG00000169126
ARSB	ENSG00000113273
ARTN	ENSG00000117407
ARX	ENSG00000004848
ASAH2	ENSG00000188611
ASAH2C	ENSG00000072444
ASAP3	ENSG00000088280
ASB18	ENSG00000182177
ASB7	ENSG00000183475
ASIC2	ENSG00000108684
ASTN1	ENSG00000152092
ASXL2	ENSG00000143970
ATAD3A	ENSG00000197785
ATAD3B	ENSG00000160072
ATAD3C	ENSG00000215915
ATF2	ENSG00000115966
ATF3	ENSG00000162772
ATF7	ENSG00000170653
ATG16L2	ENSG00000168010
ATG9B	ENSG00000181652
ATP1A1	ENSG00000163399
ATP1A2	ENSG00000018625
ATP1A3	ENSG00000105409
ATP2A2	ENSG00000174437
ATP2A3	ENSG00000074370
ATP2B1	ENSG00000070961
ATP2B2	ENSG00000157087
ATP2B4	ENSG00000058668
ATP5A1	ENSG00000152234
ATP5B	ENSG00000110955
ATP6V0B	ENSG00000117410
ATP6V0C	ENSG00000185883
ATP8A2	ENSG00000132932
ATRX	ENSG00000085224
ATXN2L	ENSG00000168488
AUTS2	ENSG00000158321
B4GALNT1	ENSG00000135454
BAHD1	ENSG00000140320
BANP	ENSG00000172530
BAP1	ENSG00000163930
BAZ1A	ENSG00000198604
BBC3	ENSG00000105327
BCL11B	ENSG00000127152
BCL3	ENSG00000069399
BCL6	ENSG00000113916
BCL7C	ENSG00000099385
BCR	ENSG00000186716
BEGAIN	ENSG00000183092
BEST2	ENSG00000039987
BFSP1	ENSG00000125864
BHLHE40	ENSG00000134107
BIRC2	ENSG00000110330
BIRC6	ENSG00000115760
BMP8A	ENSG00000183682
BMPR1A	ENSG00000107779
BMPR1B	ENSG00000138696
BMS1	ENSG00000165733
BOD1L1	ENSG00000038219
BOK	ENSG00000176720
BPTF	ENSG00000171634
BRAP	ENSG00000089234
BRCC3	ENSG00000185515
BRD8	ENSG00000112983
BRK1	ENSG00000254999
BRPF1	ENSG00000156983
BRSK1	ENSG00000160469
BRWD1	ENSG00000185658
BTAF1	ENSG00000095564
BTBD10	ENSG00000148925
BTF3L4	ENSG00000134717
BTG3	ENSG00000154640
BTK	ENSG00000010671
BTN3A1	ENSG00000026950
BTN3A2	ENSG00000186470
BTN3A3	ENSG00000111801
C19orf35	ENSG00000188305
C19orf43	ENSG00000123144
C19orf45	ENSG00000198723
C1orf106	ENSG00000163362
C1orf229	ENSG00000221953
C1QL3	ENSG00000165985
C20orf112	ENSG00000197183
C22orf42	ENSG00000205856
C2CD2	ENSG00000157617
C2CD5	ENSG00000111731
C6orf106	ENSG00000196821
C9orf129	ENSG00000204352
C9orf41	ENSG00000156017
C9orf50	ENSG00000179058
CA4	ENSG00000167434
CA5B	ENSG00000169239
CABLES1	ENSG00000134508
CABP1	ENSG00000157782
CACNA1A	ENSG00000141837
CACNA1B	ENSG00000148408
CACNA1E	ENSG00000198216
CACNA1F	ENSG00000102001
CACNA1G	ENSG00000006283
CACNA1I	ENSG00000100346
CACNA2D1	ENSG00000153956
CACTIN	ENSG00000105298
CALM1	ENSG00000198668
CALM2	ENSG00000143933
CALM3	ENSG00000160014
CAMK2A	ENSG00000070808
CAMK2B	ENSG00000058404
CAMK2D	ENSG00000145349
CAMK2G	ENSG00000148660
CAMKV	ENSG00000164076
CAMSAP2	ENSG00000118200
CAMTA2	ENSG00000108509
CAND1	ENSG00000111530
CAND2	ENSG00000144712
CAPN2	ENSG00000162909
CAPRIN2	ENSG00000110888
CAPZA2	ENSG00000198898
CAPZB	ENSG00000077549
CARD10	ENSG00000100065
CARD11	ENSG00000198286
CARM1	ENSG00000142453
CARS2	ENSG00000134905
CASKIN1	ENSG00000167971
CATSPER2	ENSG00000166762
CBFB	ENSG00000067955
CBWD3	ENSG00000196873
CBWD5	ENSG00000147996
CBWD6	ENSG00000204790
CBX1	ENSG00000108468
CBX2	ENSG00000173894
CBX4	ENSG00000141582
CBX5	ENSG00000094916
CBX6	ENSG00000183741
CBX7	ENSG00000100307
CBX8	ENSG00000141570
CCDC101	ENSG00000176476
CCDC102A	ENSG00000135736
CCDC106	ENSG00000173581
CCDC127	ENSG00000164366
CCDC22	ENSG00000101997
CCDC6	ENSG00000108091
CCDC71L	ENSG00000253276
CCDC74A	ENSG00000163040
CCDC74B	ENSG00000152076
CCDC85B	ENSG00000175602
CCDC88A	ENSG00000115355
CCDC94	ENSG00000105248
CCL4L2	ENSG00000197262
CCNI2	ENSG00000205089
CCNK	ENSG00000090061
CCNL1	ENSG00000163660
CCNT2	ENSG00000082258
CCT6A	ENSG00000146731
CD97	ENSG00000123146
CDC16	ENSG00000130177
CDC20	ENSG00000117399
CDC25A	ENSG00000164045
CDC26	ENSG00000176386
CDC42	ENSG00000070831
CDC42BPB	ENSG00000198752
CDC42BPG	ENSG00000171219
CDC5L	ENSG00000096401
CDC73	ENSG00000134371
CDCA7	ENSG00000144354
CDH24	ENSG00000139880
CDK11B	ENSG00000248333
CDK12	ENSG00000167258
CDK13	ENSG00000065883
CDK16	ENSG00000102225
CDK19	ENSG00000155111
CDK6	ENSG00000105810
CDK8	ENSG00000132964
CDKL5	ENSG00000008086
CDKN1C	ENSG00000129757
CDS2	ENSG00000101290
CDV3	ENSG00000091527
CDYL	ENSG00000153046
CEBPB	ENSG00000172216
CEL	ENSG00000170835
CELF2	ENSG00000048740
CELF3	ENSG00000159409
CELF4	ENSG00000101489
CELF5	ENSG00000161082
CENPA	ENSG00000115163
CES4A	ENSG00000172824
CETN2	ENSG00000147400
CFC1	ENSG00000136698
CFH	ENSG00000000971
CFHR3	ENSG00000116785
CFHR4	ENSG00000134365
CFL1	ENSG00000172757
CFLAR	ENSG00000003402
CGB	ENSG00000104827
CGB1	ENSG00000267631
CGB2	ENSG00000104818
CHD2	ENSG00000173575
CHD3	ENSG00000170004
CHD4	ENSG00000111642
CHD5	ENSG00000116254
CHD6	ENSG00000124177
CHD8	ENSG00000100888
CHERP	ENSG00000085872
CHIC1	ENSG00000204116
CHMP4B	ENSG00000101421
CHRNB2	ENSG00000160716
CHSY3	ENSG00000198108
CIC	ENSG00000079432
CIT	ENSG00000122966
CKMT1A	ENSG00000223572
CLASP1	ENSG00000074054
CLASRP	ENSG00000104859
CLCN4	ENSG00000073464
CLCNKA	ENSG00000186510
CLCNKB	ENSG00000184908
CLEC17A	ENSG00000187912
CLEC18A	ENSG00000157322
CLIC6	ENSG00000159212
CLIP3	ENSG00000105270
CLK2	ENSG00000176444
CLTC	ENSG00000141367
CNBP	ENSG00000169714
CNIH2	ENSG00000174871
CNOT1	ENSG00000125107
CNOT3	ENSG00000088038
CNOT4	ENSG00000080802
CNP	ENSG00000173786
COL13A1	ENSG00000197467
COL1A2	ENSG00000164692
COPA	ENSG00000122218
COPS2	ENSG00000166200
COPS4	ENSG00000138663
COPS5	ENSG00000121022
CPAMD8	ENSG00000160111
CPEB2	ENSG00000137449
CPEB3	ENSG00000107864
CPEB4	ENSG00000113742
CPSF1	ENSG00000071894
CPSF3	ENSG00000119203
CPSF4	ENSG00000160917
CR1	ENSG00000203710
CRB2	ENSG00000148204
CREB1	ENSG00000118260
CREBRF	ENSG00000164463
CREG2	ENSG00000175874
CRH	ENSG00000147571
CROCC	ENSG00000058453
CRTC1	ENSG00000105662
CS	ENSG00000062485
CSF1R	ENSG00000182578
CSK	ENSG00000103653
CSNK1A1	ENSG00000113712
CSNK1D	ENSG00000141551
CSNK1E	ENSG00000213923
CSNK1G2	ENSG00000133275
CSNK2A1	ENSG00000101266
CSNK2A2	ENSG00000070770
CSNK2B	ENSG00000204435
CSTF2	ENSG00000101811
CSTF3	ENSG00000176102
CT83	ENSG00000204019
CTBP1	ENSG00000159692
CTCF	ENSG00000102974
CTDNEP1	ENSG00000175826
CTDSPL2	ENSG00000137770
CTNNA2	ENSG00000066032
CTNNAL1	ENSG00000119326
CTNNB1	ENSG00000168036
CTNND2	ENSG00000169862
CTR9	ENSG00000198730
CTRB1	ENSG00000168925
CTXN1	ENSG00000178531
CUL1	ENSG00000055130
CUL3	ENSG00000036257
CUL4A	ENSG00000139842
CUL4B	ENSG00000158290
CUL5	ENSG00000166266
CUL9	ENSG00000112659
CUX1	ENSG00000257923
CXADR	ENSG00000154639
CXorf40A	ENSG00000197620
CXorf56	ENSG00000018610
CXXC1	ENSG00000154832
CYFIP2	ENSG00000055163
CYLD	ENSG00000083799
CYP21A2	ENSG00000231852
CYP2A6	ENSG00000255974
CYP2A7	ENSG00000198077
CYP2F1	ENSG00000197446
CYP2U1	ENSG00000155016
CYP4A11	ENSG00000187048
CYP4A22	ENSG00000162365
CYP4F3	ENSG00000186529
CYP4Z1	ENSG00000186160
CYTH3	ENSG00000008256
DAB2IP	ENSG00000136848
DACT1	ENSG00000165617
DCAF11	ENSG00000100897
DCAF5	ENSG00000139990
DCAF7	ENSG00000136485
DCHS1	ENSG00000166341
DCLK1	ENSG00000133083
DCST1	ENSG00000163357
DCX	ENSG00000077279
DDAH1	ENSG00000153904
DDB1	ENSG00000167986
DDX19A	ENSG00000168872
DDX19B	ENSG00000157349
DDX23	ENSG00000174243
DDX27	ENSG00000124228
DDX39B	ENSG00000198563
DDX3X	ENSG00000215301
DDX4	ENSG00000152670
DDX41	ENSG00000183258
DDX46	ENSG00000145833
DDX6	ENSG00000110367
DEFA3	ENSG00000239839
DEFB104A	ENSG00000176782
DEFB106A	ENSG00000186579
DEPDC5	ENSG00000100150
DGKQ	ENSG00000145214
DHCR24	ENSG00000116133
DHFR	ENSG00000228716
DHRS11	ENSG00000108272
DHRS4	ENSG00000157326
DHX15	ENSG00000109606
DHX30	ENSG00000132153
DHX37	ENSG00000150990
DHX40	ENSG00000108406
DHX8	ENSG00000067596
DHX9	ENSG00000135829
DICER1	ENSG00000100697
DIP2B	ENSG00000066084
DIRAS1	ENSG00000176490
DIRC2	ENSG00000138463
DKC1	ENSG00000130826
DLG4	ENSG00000132535
DLGAP3	ENSG00000116544
DLK2	ENSG00000171462
DLX1	ENSG00000144355
DMAP1	ENSG00000178028
DMBT1	ENSG00000187908
DMTF1	ENSG00000135164
DNAAF3	ENSG00000167646
DNAH2	ENSG00000183914
DNAJC25	ENSG00000059769
DNM1	ENSG00000106976
DNM1L	ENSG00000087470
DNM3	ENSG00000197959
DOPEY1	ENSG00000083097
DOT1L	ENSG00000104885
DPEP3	ENSG00000141096
DPF2	ENSG00000133884
DPY19L1	ENSG00000173852
DPY30	ENSG00000162961
DPYSL2	ENSG00000092964
DRAP1	ENSG00000175550
DROSHA	ENSG00000113360
DTX2	ENSG00000091073
DTX3	ENSG00000178498
DUOX2	ENSG00000140279
DUSP7	ENSG00000164086
DUT	ENSG00000128951
DYNC1H1	ENSG00000197102
DYNLL1	ENSG00000088986
DYNLL2	ENSG00000264364
DYRK1A	ENSG00000157540
E2F3	ENSG00000112242
E2F4	ENSG00000205250
E2F5	ENSG00000133740
EBF3	ENSG00000108001
EED	ENSG00000074266
EEF1A1	ENSG00000156508
EEF1A2	ENSG00000101210
EFHD1	ENSG00000115468
EFTUD1	ENSG00000140598
EFTUD2	ENSG00000108883
EGLN1	ENSG00000135766
EGR1	ENSG00000120738
EIF1	ENSG00000173812
EIF1AX	ENSG00000173674
EIF1B	ENSG00000114784
EIF2AK3	ENSG00000172071
EIF2B1	ENSG00000111361
EIF2S2	ENSG00000125977
EIF2S3	ENSG00000130741
EIF3C	ENSG00000184110
EIF3H	ENSG00000147677
EIF3I	ENSG00000084623
EIF3M	ENSG00000149100
EIF4A1	ENSG00000161960
EIF4A2	ENSG00000156976
EIF4A3	ENSG00000141543
EIF4E	ENSG00000151247
EIF4E3	ENSG00000163412
EIF4H	ENSG00000106682
EIF5A	ENSG00000132507
ELAVL1	ENSG00000066044
ELF3	ENSG00000163435
ELK1	ENSG00000126767
ELOVL6	ENSG00000170522
EMILIN1	ENSG00000138080
EML5	ENSG00000165521
EMR2	ENSG00000127507
EP400NL	ENSG00000185684
EPB41L4B	ENSG00000095203
EPC1	ENSG00000120616
EPC2	ENSG00000135999
ERBB2	ENSG00000141736
ERH	ENSG00000100632
ERLIN1	ENSG00000107566
ESYT2	ENSG00000117868
ETF1	ENSG00000120705
ETS1	ENSG00000134954
ETS2	ENSG00000157557
ETV5	ENSG00000244405
ETV6	ENSG00000139083
EVI5L	ENSG00000142459
EXOC2	ENSG00000112685
EXOC3L2	ENSG00000130201
EXT1	ENSG00000182197
EYA3	ENSG00000158161
EYA4	ENSG00000112319
EZH1	ENSG00000108799
EZH2	ENSG00000106462
F2R	ENSG00000181104
F9	ENSG00000101981
FA2H	ENSG00000103089
FADS1	ENSG00000149485
FADS3	ENSG00000221968
FAF1	ENSG00000185104
FAHD2B	ENSG00000144199
FAM102A	ENSG00000167106
FAM115A	ENSG00000198420
FAM120A	ENSG00000048828
FAM120C	ENSG00000184083
FAM127A	ENSG00000134590
FAM129C	ENSG00000167483
FAM153C	ENSG00000204677
FAM189B	ENSG00000160767
FAM193A	ENSG00000125386
FAM199X	ENSG00000123575
FAM219A	ENSG00000164970
FAM45A	ENSG00000119979
FAM49B	ENSG00000153310
FAM50A	ENSG00000071859
FAM72B	ENSG00000188610
FAM72D	ENSG00000215784
FAM83F	ENSG00000133477
FAM86B1	ENSG00000186523
FAM86B2	ENSG00000145002
FAM98C	ENSG00000130244
FBRS	ENSG00000156860
FBXL14	ENSG00000171823
FBXL16	ENSG00000127585
FBXL19	ENSG00000099364
FBXL5	ENSG00000118564
FBXO11	ENSG00000138081
FBXO21	ENSG00000135108
FBXO25	ENSG00000147364
FBXO33	ENSG00000165355
FBXO45	ENSG00000174013
FBXW11	ENSG00000072803
FBXW7	ENSG00000109670
FCGR1B	ENSG00000198019
FCGR2A	ENSG00000143226
FCGR3B	ENSG00000162747
FDX1	ENSG00000137714
FEZF2	ENSG00000153266
FGD1	ENSG00000102302
FGD3	ENSG00000127084
FGF10	ENSG00000070193
FGF11	ENSG00000161958
FGF20	ENSG00000078579
FGFR1	ENSG00000077782
FGR	ENSG00000000938
FHOD3	ENSG00000134775
FIBCD1	ENSG00000130720
FKBP15	ENSG00000119321
FKBP1A	ENSG00000088832
FKBP6	ENSG00000077800
FKBP9	ENSG00000122642
FLNA	ENSG00000196924
FNBP1	ENSG00000187239
FNBP4	ENSG00000109920
FNIP1	ENSG00000217128
FOSL2	ENSG00000075426
FOXK1	ENSG00000164916
FOXK2	ENSG00000141568
FOXO1	ENSG00000150907
FOXO6	ENSG00000204060
FOXP1	ENSG00000114861
FRAT1	ENSG00000165879
FRG2	ENSG00000205097
FRG2B	ENSG00000225899
FRMPD2	ENSG00000170324
FRMPD3	ENSG00000147234
FRY	ENSG00000073910
FSCN1	ENSG00000075618
FTH1	ENSG00000167996
FUBP1	ENSG00000162613
FYN	ENSG00000010810
FZR1	ENSG00000105325
G3BP2	ENSG00000138757
G6PD	ENSG00000160211
GAB2	ENSG00000033327
GABARAP	ENSG00000170296
GABBR1	ENSG00000204681
GABBR2	ENSG00000136928
GABPA	ENSG00000154727
GABPB1	ENSG00000104064
GABRA1	ENSG00000022355
GABRA2	ENSG00000151834
GABRA3	ENSG00000011677
GABRB1	ENSG00000163288
GABRB2	ENSG00000145864
GABRB3	ENSG00000166206
GABRG2	ENSG00000113327
GADD45A	ENSG00000116717
GADD45G	ENSG00000130222
GAK	ENSG00000178950
GALNT12	ENSG00000119514
GAS6	ENSG00000183087
GAS7	ENSG00000007237
GATA1	ENSG00000102145
GATA2	ENSG00000179348
GATA4	ENSG00000136574
GATA5	ENSG00000130700
GCC2	ENSG00000135968
GCLM	ENSG00000023909
GCN1L1	ENSG00000089154
GDF11	ENSG00000135414
GDI1	ENSG00000203879
GFPT1	ENSG00000198380
GFRA3	ENSG00000146013
GGT2	ENSG00000133475
GGTLC2	ENSG00000100121
GID4	ENSG00000141034
GID8	ENSG00000101193
GIT1	ENSG00000108262
GJD3	ENSG00000183153
GLDN	ENSG00000186417
GLE1	ENSG00000119392
GLI3	ENSG00000106571
GLIS1	ENSG00000174332
GLRA2	ENSG00000101958
GLS	ENSG00000115419
GLUD1	ENSG00000148672
GLYR1	ENSG00000140632
GMEB1	ENSG00000162419
GNA11	ENSG00000088256
GNA12	ENSG00000146535
GNA13	ENSG00000120063
GNAL	ENSG00000141404
GNAO1	ENSG00000087258
GNAQ	ENSG00000156052
GNAS	ENSG00000087460
GNAZ	ENSG00000128266
GNB1	ENSG00000078369
GNB2	ENSG00000172354
GNB2L1	ENSG00000204628
GOLGA6A	ENSG00000159289
GOLGA6C	ENSG00000167195
GOLGA6D	ENSG00000140478
GOLGA8A	ENSG00000175265
GOLGA8B	ENSG00000215252
GOLGA8F	ENSG00000153684
GOLGA8H	ENSG00000261794
GOLGA8I	ENSG00000153666
GOLGA8K	ENSG00000249931
GOLGA8M	ENSG00000188626
GOLGA8S	ENSG00000261739
GOLGA8T	ENSG00000261247
GOLPH3	ENSG00000113384
GON4L	ENSG00000116580
GOT1	ENSG00000120053
GPAT2	ENSG00000186281
GPATCH8	ENSG00000186566
GPC3	ENSG00000147257
GPHN	ENSG00000171723
GPN2	ENSG00000142751
GPR124	ENSG00000020181
GPR155	ENSG00000163328
GPR157	ENSG00000180758
GPR88	ENSG00000181656
GPR89A	ENSG00000117262
GPR89B	ENSG00000188092
GPT2	ENSG00000166123
GRAMD1B	ENSG00000023171
GRAMD4	ENSG00000075240
GRASP	ENSG00000161835
GRB14	ENSG00000115290
GRB2	ENSG00000177885
GRIA1	ENSG00000155511
GRIA2	ENSG00000120251
GRIA3	ENSG00000125675
GRIN1	ENSG00000176884
GRIN2A	ENSG00000183454
GRIN2B	ENSG00000273079
GRIN3A	ENSG00000198785
GRM3	ENSG00000198822
GRM6	ENSG00000113262
GSPT1	ENSG00000103342
GSTT2	ENSG00000099984
GTF2A1	ENSG00000165417
GTF2H2	ENSG00000145736
GTF2H2C	ENSG00000183474
GTF2I	ENSG00000077809
GTF3C3	ENSG00000119041
GTPBP1	ENSG00000100226
GUCY1B3	ENSG00000061918
GUCY2D	ENSG00000132518
H2AFV	ENSG00000105968
H2AFX	ENSG00000188486
H2AFY	ENSG00000113648
H2AFZ	ENSG00000164032
H3F3A	ENSG00000163041
H3F3B	ENSG00000132475
HABP4	ENSG00000130956
HACE1	ENSG00000085382
HAS1	ENSG00000105509
HBA2	ENSG00000188536
HBG1	ENSG00000213934
HBG2	ENSG00000196565
HCFC1	ENSG00000172534
HCN1	ENSG00000164588
HCN2	ENSG00000099822
HDAC2	ENSG00000196591
HDAC3	ENSG00000171720
HECTD2	ENSG00000165338
HECTD3	ENSG00000126107
HECTD4	ENSG00000173064
HEPACAM	ENSG00000165478
HERC2	ENSG00000128731
HES2	ENSG00000069812
HGS	ENSG00000185359
HIATL1	ENSG00000148110
HIATL2	ENSG00000196312
HIRA	ENSG00000100084
HIST1H2AC	ENSG00000180573
HIST1H2AE	ENSG00000168274
HIST1H2AI	ENSG00000196747
HIST1H2AJ	ENSG00000182611
HIST1H2BK	ENSG00000197903
HIST1H3J	ENSG00000197153
HIST1H4A	ENSG00000196176
HIST1H4J	ENSG00000197238
HIST1H4K	ENSG00000197914
HIST2H2AC	ENSG00000184260
HIST2H2BE	ENSG00000184678
HIST2H2BF	ENSG00000203814
HIST2H3D	ENSG00000183598
HIVEP2	ENSG00000010818
HLA-DRB5	ENSG00000198502
HLA-E	ENSG00000204592
HMGB1	ENSG00000189403
HNF1B	ENSG00000108753
HNF4A	ENSG00000101076
HNRNPA0	ENSG00000177733
HNRNPA1	ENSG00000135486
HNRNPA2B1	ENSG00000122566
HNRNPA3	ENSG00000170144
HNRNPC	ENSG00000092199
HNRNPD	ENSG00000138668
HNRNPH1	ENSG00000169045
HNRNPH2	ENSG00000126945
HNRNPK	ENSG00000165119
HNRNPM	ENSG00000099783
HNRNPR	ENSG00000125944
HNRNPU	ENSG00000153187
HOMER1	ENSG00000152413
HORMAD1	ENSG00000143452
HOXB6	ENSG00000108511
HPCAL1	ENSG00000115756
HPRT1	ENSG00000165704
HRH3	ENSG00000101180
HS3ST4	ENSG00000182601
HS3ST6	ENSG00000162040
HSD17B10	ENSG00000072506
HSF2	ENSG00000025156
HSF5	ENSG00000176160
HSPA4	ENSG00000170606
HSPA5	ENSG00000044574
HSPD1	ENSG00000144381
HTR2A	ENSG00000102468
IFI16	ENSG00000163565
IFNA1	ENSG00000197919
IFNA13	ENSG00000233816
IFT122	ENSG00000163913
IGDCC4	ENSG00000103742
IGLON5	ENSG00000142549
IHH	ENSG00000163501
IKZF2	ENSG00000030419
IKZF4	ENSG00000123411
IL17RE	ENSG00000163701
IL1RAP	ENSG00000196083
IL9R	ENSG00000124334
ILDR2	ENSG00000143195
ILF2	ENSG00000143621
ILF3	ENSG00000129351
ILKAP	ENSG00000132323
ILVBL	ENSG00000105135
IMPDH2	ENSG00000178035
INF2	ENSG00000203485
INHBB	ENSG00000163083
INPP4A	ENSG00000040933
INPP5D	ENSG00000168918
INTS6	ENSG00000102786
INTS7	ENSG00000143493
INTS8	ENSG00000164941
IPO13	ENSG00000117408
IPO8	ENSG00000133704
IQSEC3	ENSG00000120645
IRAK1	ENSG00000184216
IRF2BP2	ENSG00000168264
IRF6	ENSG00000117595
IRX2	ENSG00000170561
ITGA9	ENSG00000144668
ITGB7	ENSG00000139626
IWS1	ENSG00000163166
JAG1	ENSG00000101384
JAK3	ENSG00000105639
JAKMIP2	ENSG00000176049
JARID2	ENSG00000008083
JAZF1	ENSG00000153814
JMJD1C	ENSG00000171988
JPH3	ENSG00000154118
JPH4	ENSG00000092051
KANSL3	ENSG00000114982
KAT5	ENSG00000172977
KAT6A	ENSG00000083168
KAT7	ENSG00000136504
KATNB1	ENSG00000140854
KCNA1	ENSG00000111262
KCNA2	ENSG00000177301
KCNB1	ENSG00000158445
KCNC1	ENSG00000129159
KCND2	ENSG00000184408
KCND3	ENSG00000171385
KCNF1	ENSG00000162975
KCNG1	ENSG00000026559
KCNG2	ENSG00000178342
KCNH1	ENSG00000143473
KCNH3	ENSG00000135519
KCNH7	ENSG00000184611
KCNH8	ENSG00000183960
KCNJ3	ENSG00000162989
KCNJ4	ENSG00000168135
KCNJ6	ENSG00000157542
KCNK12	ENSG00000184261
KCNK13	ENSG00000152315
KCNK6	ENSG00000099337
KCNK9	ENSG00000169427
KCNMA1	ENSG00000156113
KCNMB3	ENSG00000171121
KCNN1	ENSG00000105642
KCNN2	ENSG00000080709
KCNQ1	ENSG00000053918
KCNQ2	ENSG00000075043
KCNQ4	ENSG00000117013
KCNQ5	ENSG00000185760
KCNV1	ENSG00000164794
KCTD10	ENSG00000110906
KCTD17	ENSG00000100379
KCTD7	ENSG00000243335
KCTD9	ENSG00000104756
KDELR1	ENSG00000105438
KDM1A	ENSG00000004487
KDM2A	ENSG00000173120
KDM3B	ENSG00000120733
KDM4A	ENSG00000066135
KDM4B	ENSG00000127663
KDM5C	ENSG00000126012
KDM6B	ENSG00000132510
KIAA1429	ENSG00000164944
KIF1A	ENSG00000130294
KIF20A	ENSG00000112984
KIF23	ENSG00000137807
KIF26A	ENSG00000066735
KIF27	ENSG00000165115
KIF2A	ENSG00000068796
KIF4A	ENSG00000090889
KIF5A	ENSG00000155980
KIF5B	ENSG00000170759
KIF5C	ENSG00000168280
KIR2DL1	ENSG00000125498
KIR2DL3	ENSG00000243772
KIR3DL1	ENSG00000167633
KIR3DL2	ENSG00000240403
KIR3DL3	ENSG00000242019
KLC1	ENSG00000126214
KLF10	ENSG00000155090
KLF12	ENSG00000118922
KLF13	ENSG00000169926
KLF16	ENSG00000129911
KLF2	ENSG00000127528
KLF4	ENSG00000136826
KLF5	ENSG00000102554
KLF7	ENSG00000118263
KLF9	ENSG00000119138
KLHDC10	ENSG00000128607
KLHL15	ENSG00000174010
KLHL21	ENSG00000162413
KLHL7	ENSG00000122550
KLRC2	ENSG00000205809
KMT2A	ENSG00000118058
KMT2C	ENSG00000055609
KMT2D	ENSG00000167548
KPNB1	ENSG00000108424
KRAS	ENSG00000133703
KRT33B	ENSG00000131738
KRT6A	ENSG00000205420
KRT6B	ENSG00000185479
KRT6C	ENSG00000170465
KRT72	ENSG00000170486
KRTAP9-2	ENSG00000239886
L3MBTL2	ENSG00000100395
LAIR1	ENSG00000167613
LAMA3	ENSG00000053747
LARP4B	ENSG00000107929
LASP1	ENSG00000002834
LDOC1	ENSG00000182195
LEF1	ENSG00000138795
LEFTY1	ENSG00000243709
LEFTY2	ENSG00000143768
LEMD2	ENSG00000161904
LEPREL1	ENSG00000090530
LEPREL4	ENSG00000141696
LFNG	ENSG00000106003
LGALS7B	ENSG00000178934
LGALS9	ENSG00000168961
LHX1	ENSG00000132130
LHX2	ENSG00000106689
LHX6	ENSG00000106852
LHX8	ENSG00000162624
LILRB3	ENSG00000204577
LIMS1	ENSG00000169756
LIN54	ENSG00000189308
LMAN1L	ENSG00000140506
LMNB2	ENSG00000176619
LMO3	ENSG00000048540
LMO4	ENSG00000143013
LONP2	ENSG00000102910
LONRF2	ENSG00000170500
LONRF3	ENSG00000175556
LPA	ENSG00000198670
LRIG3	ENSG00000139263
LRP11	ENSG00000120256
LRRC37B	ENSG00000185158
LRRC47	ENSG00000130764
LRRC57	ENSG00000180979
LRRC7	ENSG00000033122
LRWD1	ENSG00000161036
LSM12	ENSG00000161654
LSM14A	ENSG00000257103
LSM14B	ENSG00000149657
LSM2	ENSG00000204392
LSM6	ENSG00000164167
LTB	ENSG00000227507
LTBR	ENSG00000111321
LTF	ENSG00000012223
LUC7L2	ENSG00000269955
LYL1	ENSG00000104903
LYZL1	ENSG00000120563
MAB21L2	ENSG00000181541
MACF1	ENSG00000127603
MACROD1	ENSG00000133315
MAFF	ENSG00000185022
MAGI2	ENSG00000187391
MAGI3	ENSG00000081026
MAGOH	ENSG00000162385
MAGOHB	ENSG00000111196
MALL	ENSG00000144063
MAML1	ENSG00000161021
MAN2B1	ENSG00000104774
MANEAL	ENSG00000185090
MAP2K1	ENSG00000169032
MAP2K4	ENSG00000065559
MAP2K7	ENSG00000076984
MAP3K1	ENSG00000095015
MAP3K11	ENSG00000173327
MAP3K12	ENSG00000139625
MAP3K3	ENSG00000198909
MAP3K4	ENSG00000085511
MAP3K5	ENSG00000197442
MAP3K7	ENSG00000135341
MAP3K8	ENSG00000107968
MAP4K1	ENSG00000104814
MAP4K4	ENSG00000071054
MAP6	ENSG00000171533
MAP7D1	ENSG00000116871
MAPK1	ENSG00000100030
MAPK10	ENSG00000109339
MAPK11	ENSG00000185386
MAPK14	ENSG00000112062
MAPK8	ENSG00000107643
MAPRE2	ENSG00000166974
MARK2	ENSG00000072518
MARK3	ENSG00000075413
MARK4	ENSG00000007047
MAT2A	ENSG00000168906
MAU2	ENSG00000129933
MBD1	ENSG00000141644
MBD2	ENSG00000134046
MBD3L3	ENSG00000182315
MCOLN1	ENSG00000090674
MCTS1	ENSG00000232119
MDM4	ENSG00000198625
MEAF6	ENSG00000163875
MECOM	ENSG00000085276
MED10	ENSG00000133398
MED12	ENSG00000184634
MED13L	ENSG00000123066
MED14	ENSG00000180182
MED23	ENSG00000112282
MED24	ENSG00000008838
MED25	ENSG00000104973
MEF2C	ENSG00000081189
MEF2D	ENSG00000116604
MEIS2	ENSG00000134138
METAP2	ENSG00000111142
METTL16	ENSG00000127804
METTL2A	ENSG00000087995
METTL3	ENSG00000165819
MEX3A	ENSG00000254726
MFSD3	ENSG00000167700
MGAT3	ENSG00000128268
MGEA5	ENSG00000198408
MIER1	ENSG00000198160
MINK1	ENSG00000141503
MKL1	ENSG00000196588
MKL2	ENSG00000186260
MKLN1	ENSG00000128585
MKNK2	ENSG00000099875
MKX	ENSG00000150051
MLF2	ENSG00000089693
MLLT1	ENSG00000130382
MLLT10	ENSG00000078403
MLLT3	ENSG00000171843
MLLT4	ENSG00000130396
MLYCD	ENSG00000103150
MMP15	ENSG00000102996
MMP21	ENSG00000154485
MMRN2	ENSG00000173269
MOCOS	ENSG00000075643
MOV10	ENSG00000155363
MPND	ENSG00000008382
MPPE1	ENSG00000154889
MPV17L	ENSG00000156968
MROH6	ENSG00000204839
MRPL45	ENSG00000174100
MRPS34	ENSG00000074071
MSTO1	ENSG00000125459
MTA1	ENSG00000182979
MTA2	ENSG00000149480
MTCP1	ENSG00000214827
MTF2	ENSG00000143033
MTMR4	ENSG00000108389
MTOR	ENSG00000198793
MTPN	ENSG00000105887
MTX1	ENSG00000173171
MYBPC1	ENSG00000196091
MYH1	ENSG00000109061
MYH6	ENSG00000197616
MYH7	ENSG00000092054
MYH8	ENSG00000133020
MYL12B	ENSG00000118680
MYPOP	ENSG00000176182
MYRF	ENSG00000124920
MYSM1	ENSG00000162601
MYT1L	ENSG00000186487
MZT2B	ENSG00000152082
NAA10	ENSG00000102030
NAA15	ENSG00000164134
NAA30	ENSG00000139977
NAAA	ENSG00000138744
NACA	ENSG00000196531
NACC1	ENSG00000160877
NADK2	ENSG00000152620
NALCN	ENSG00000102452
NAMPT	ENSG00000105835
NASP	ENSG00000132780
NAV1	ENSG00000134369
NBEA	ENSG00000172915
NBPF12	ENSG00000186275
NBPF15	ENSG00000243452
NBPF20	ENSG00000203832
NBPF3	ENSG00000142794
NCAN	ENSG00000130287
NCBP2	ENSG00000114503
NCCRP1	ENSG00000188505
NCKAP1	ENSG00000061676
NCKIPSD	ENSG00000213672
NCS1	ENSG00000107130
NEBL	ENSG00000078114
NEDD8	ENSG00000129559
NELFB	ENSG00000188986
NF1	ENSG00000196712
NFIC	ENSG00000141905
NFIX	ENSG00000008441
NFKB2	ENSG00000077150
NFYA	ENSG00000001167
NHP2L1	ENSG00000100138
NIPBL	ENSG00000164190
NLGN2	ENSG00000169992
NLGN3	ENSG00000196338
NMT1	ENSG00000136448
NOL4	ENSG00000101746
NONO	ENSG00000147140
NOS1	ENSG00000089250
NOS1AP	ENSG00000198929
NOS2	ENSG00000007171
NOTCH3	ENSG00000074181
NOXA1	ENSG00000188747
NPAS2	ENSG00000170485
NPAS4	ENSG00000174576
NPEPPS	ENSG00000141279
NPIPA1	ENSG00000183426
NPIPB15	ENSG00000196436
NPIPB6	ENSG00000198156
NPM1	ENSG00000181163
NR2C1	ENSG00000120798
NR2C2	ENSG00000177463
NR2E1	ENSG00000112333
NR2F2	ENSG00000185551
NR2F6	ENSG00000160113
NR3C1	ENSG00000113580
NR4A2	ENSG00000153234
NR6A1	ENSG00000148200
NRARP	ENSG00000198435
NRBP1	ENSG00000115216
NRF1	ENSG00000106459
NRGN	ENSG00000154146
NRL	ENSG00000129535
NSA2	ENSG00000164346
NSD1	ENSG00000165671
NSF	ENSG00000073969
NSMCE4A	ENSG00000107672
NSUN5	ENSG00000130305
NTM	ENSG00000182667
NTRK2	ENSG00000148053
NTSR2	ENSG00000169006
NUDT11	ENSG00000196368
NUDT21	ENSG00000167005
NUDT4	ENSG00000173598
NUS1	ENSG00000153989
NUTF2	ENSG00000102898
NUTM2D	ENSG00000214562
NXF2B	ENSG00000185945
NXF5	ENSG00000126952
NXT2	ENSG00000101888
NYAP1	ENSG00000166924
OBP2B	ENSG00000171102
OBSL1	ENSG00000124006
OCLN	ENSG00000197822
OCM	ENSG00000122543
OCM2	ENSG00000135175
OCRL	ENSG00000122126
ODF3B	ENSG00000177989
OGFRL1	ENSG00000119900
OGT	ENSG00000147162
OLIG1	ENSG00000184221
OR11H1	ENSG00000130538
OR11H12	ENSG00000257115
OR1D5	ENSG00000262628
OR2T2	ENSG00000196240
OR2T29	ENSG00000182783
OR2T35	ENSG00000177151
OR2T5	ENSG00000203661
OR3A3	ENSG00000159961
OR4F17	ENSG00000176695
OR51A2	ENSG00000205496
ORM1	ENSG00000229314
ORM2	ENSG00000228278
OSBPL8	ENSG00000091039
OSBPL9	ENSG00000117859
OSCP1	ENSG00000116885
OSGEP	ENSG00000092094
OTOA	ENSG00000155719
OTOP1	ENSG00000163982
OTUD5	ENSG00000068308
OTX2	ENSG00000165588
P4HA3	ENSG00000149380
PA2G4	ENSG00000170515
PABPC1	ENSG00000070756
PABPC1L	ENSG00000101104
PABPC4	ENSG00000090621
PACS1	ENSG00000175115
PACSIN1	ENSG00000124507
PAFAH1B1	ENSG00000007168
PAK1	ENSG00000149269
PAK2	ENSG00000180370
PAK3	ENSG00000077264
PAN3	ENSG00000152520
PANX2	ENSG00000073150
PAPD5	ENSG00000121274
PAPOLA	ENSG00000090060
PAQR9	ENSG00000188582
PARD6A	ENSG00000102981
PARP14	ENSG00000173193
PARP6	ENSG00000137817
PAX1	ENSG00000125813
PAX2	ENSG00000075891
PAX3	ENSG00000135903
PAX5	ENSG00000196092
PAX6	ENSG00000007372
PAX9	ENSG00000198807
PBX1	ENSG00000185630
PBX3	ENSG00000167081
PCBP1	ENSG00000169564
PCBP2	ENSG00000197111
PCDH11X	ENSG00000102290
PCDH19	ENSG00000165194
PCF11	ENSG00000165494
PCID2	ENSG00000126226
PCIF1	ENSG00000100982
PCMTD1	ENSG00000168300
PCSK7	ENSG00000160613
PCYT1B	ENSG00000102230
PDCD2	ENSG00000071994
PDCD6	ENSG00000249915
PDCD6IP	ENSG00000170248
PDE1B	ENSG00000123360
PDE2A	ENSG00000186642
PDE4A	ENSG00000065989
PDGFRA	ENSG00000134853
PDHA1	ENSG00000131828
PDLIM4	ENSG00000131435
PDPK1	ENSG00000140992
PDPR	ENSG00000090857
PDS5B	ENSG00000083642
PDSS2	ENSG00000164494
PDXDC1	ENSG00000179889
PDXP	ENSG00000241360
PDZD11	ENSG00000120509
PDZD4	ENSG00000067840
PDZK1	ENSG00000174827
PDZRN3	ENSG00000121440
PEA15	ENSG00000162734
PEX5L	ENSG00000114757
PEX6	ENSG00000124587
PFN1	ENSG00000108518
PFN2	ENSG00000070087
PGA3	ENSG00000229859
PGAM1	ENSG00000171314
PGM5	ENSG00000154330
PGP	ENSG00000184207
PHC3	ENSG00000173889
PHF13	ENSG00000116273
PHF20L1	ENSG00000129292
PHF5A	ENSG00000100410
PHF8	ENSG00000172943
PHIP	ENSG00000146247
PHLPP1	ENSG00000081913
PHOX2B	ENSG00000109132
PHYHIP	ENSG00000168490
PI4K2A	ENSG00000155252
PI4KA	ENSG00000241973
PI4KB	ENSG00000143393
PIF1	ENSG00000140451
PIGF	ENSG00000151665
PIK3CA	ENSG00000121879
PIK3R1	ENSG00000145675
PIK3R4	ENSG00000196455
PIM3	ENSG00000198355
PIP5K1C	ENSG00000186111
PITHD1	ENSG00000057757
PKDCC	ENSG00000162878
PLAA	ENSG00000137055
PLAUR	ENSG00000011422
PLCG1	ENSG00000124181
PLCG2	ENSG00000197943
PLD5	ENSG00000180287
PLEKHH3	ENSG00000068137
PLG	ENSG00000122194
PLIN1	ENSG00000166819
PLK2	ENSG00000145632
PLP1	ENSG00000123560
PLXNC1	ENSG00000136040
PLXND1	ENSG00000004399
PMS2	ENSG00000122512
PNPLA2	ENSG00000177666
PNPLA6	ENSG00000032444
POLDIP3	ENSG00000100227
POLR1A	ENSG00000068654
POLR2B	ENSG00000047315
POLR2G	ENSG00000168002
POLR2J	ENSG00000005075
POMZP3	ENSG00000146707
POTEM	ENSG00000187537
POU2F2	ENSG00000028277
POU5F1	ENSG00000204531
POU6F1	ENSG00000184271
PPFIA2	ENSG00000139220
PPFIA3	ENSG00000177380
PPIA	ENSG00000196262
PPIF	ENSG00000108179
PPIP5K1	ENSG00000168781
PPM1D	ENSG00000170836
PPM1G	ENSG00000115241
PPM1J	ENSG00000155367
PPM1N	ENSG00000213889
PPP1CA	ENSG00000172531
PPP1CB	ENSG00000213639
PPP1CC	ENSG00000186298
PPP1R14A	ENSG00000167641
PPP1R16B	ENSG00000101445
PPP1R7	ENSG00000115685
PPP2CA	ENSG00000113575
PPP2CB	ENSG00000104695
PPP2R1A	ENSG00000105568
PPP2R2A	ENSG00000221914
PPP2R2C	ENSG00000074211
PPP2R5D	ENSG00000112640
PPP2R5E	ENSG00000154001
PPP3CA	ENSG00000138814
PPP3CB	ENSG00000107758
PPP3R1	ENSG00000221823
PPP4C	ENSG00000149923
PPRC1	ENSG00000148840
PPTC7	ENSG00000196850
PRADC1	ENSG00000135617
PRAF2	ENSG00000243279
PRAMEF1	ENSG00000116721
PRAMEF11	ENSG00000204513
PRAMEF13	ENSG00000204495
PRAMEF14	ENSG00000204481
PRAMEF17	ENSG00000204479
PRAMEF19	ENSG00000204480
PRAMEF22	ENSG00000204508
PRAMEF4	ENSG00000243073
PRAMEF6	ENSG00000232423
PRAMEF7	ENSG00000204510
PRCC	ENSG00000143294
PRDM12	ENSG00000130711
PRDM14	ENSG00000147596
PRDM16	ENSG00000142611
PRH2	ENSG00000134551
PRKAA1	ENSG00000132356
PRKAG1	ENSG00000181929
PRKAR1A	ENSG00000108946
PRKAR1B	ENSG00000188191
PRKCA	ENSG00000154229
PRKCE	ENSG00000171132
PRKCG	ENSG00000126583
PRKCZ	ENSG00000067606
PRKD2	ENSG00000105287
PRKRIR	ENSG00000137492
PRMT1	ENSG00000126457
PRMT8	ENSG00000111218
PROX1	ENSG00000117707
PRPF19	ENSG00000110107
PRPF38A	ENSG00000134748
PRPF38B	ENSG00000134186
PRPF4B	ENSG00000112739
PRPF6	ENSG00000101161
PRPF8	ENSG00000174231
PRPS1	ENSG00000147224
PRPS2	ENSG00000101911
PRR12	ENSG00000126464
PRR14L	ENSG00000183530
PRR7	ENSG00000131188
PSMA4	ENSG00000041357
PSMA5	ENSG00000143106
PSMA6	ENSG00000100902
PSMC1	ENSG00000100764
PSMC2	ENSG00000161057
PSMC3	ENSG00000165916
PSMC4	ENSG00000013275
PSMC5	ENSG00000087191
PSMC6	ENSG00000100519
PSMD1	ENSG00000173692
PSMD14	ENSG00000115233
PSME3	ENSG00000131467
PSPC1	ENSG00000121390
PTBP2	ENSG00000117569
PTEN	ENSG00000171862
PTGER4	ENSG00000171522
PTGES2	ENSG00000148334
PTK2	ENSG00000169398
PTP4A2	ENSG00000184007
PTPLAD1	ENSG00000074696
PTPN18	ENSG00000072135
PTPN6	ENSG00000111679
PTPRN	ENSG00000054356
PUF60	ENSG00000179950
PURA	ENSG00000185129
PURB	ENSG00000146676
PWP1	ENSG00000136045
PYCARD	ENSG00000103490
PYGL	ENSG00000100504
RAB10	ENSG00000084733
RAB11A	ENSG00000103769
RAB11B	ENSG00000185236
RAB11FIP1	ENSG00000156675
RAB11FIP2	ENSG00000107560
RAB11FIP4	ENSG00000131242
RAB14	ENSG00000119396
RAB1B	ENSG00000174903
RAB22A	ENSG00000124209
RAB2A	ENSG00000104388
RAB33A	ENSG00000134594
RAB35	ENSG00000111737
RAB39B	ENSG00000155961
RAB43	ENSG00000172780
RAB6A	ENSG00000175582
RAB6B	ENSG00000154917
RABGEF1	ENSG00000154710
RABL2A	ENSG00000144134
RAC1	ENSG00000136238
RAC2	ENSG00000128340
RAD21	ENSG00000164754
RAD54L2	ENSG00000164080
RAET1L	ENSG00000155918
RAF1	ENSG00000132155
RALA	ENSG00000006451
RAN	ENSG00000132341
RANBP2	ENSG00000153201
RAP1B	ENSG00000127314
RAP2A	ENSG00000125249
RAP2B	ENSG00000181467
RAP2C	ENSG00000123728
RAPGEFL1	ENSG00000108352
RARG	ENSG00000172819
RASA4	ENSG00000105808
RASAL1	ENSG00000111344
RASIP1	ENSG00000105538
RASL10A	ENSG00000100276
RBBP4	ENSG00000162521
RBBP5	ENSG00000117222
RBBP6	ENSG00000122257
RBBP7	ENSG00000102054
RBM10	ENSG00000182872
RBM14	ENSG00000239306
RBM17	ENSG00000134453
RBM22	ENSG00000086589
RBM25	ENSG00000119707
RBM39	ENSG00000131051
RBM4	ENSG00000173933
RBM46	ENSG00000151962
RBM47	ENSG00000163694
RBM4B	ENSG00000173914
RBM5	ENSG00000003756
RBM6	ENSG00000004534
RBM8A	ENSG00000131795
RBMX	ENSG00000147274
RBX1	ENSG00000100387
RDH10	ENSG00000121039
RECQL	ENSG00000004700
RELA	ENSG00000173039
REM2	ENSG00000139890
REST	ENSG00000084093
REV1	ENSG00000135945
RFX3	ENSG00000080298
RGL1	ENSG00000143344
RHCE	ENSG00000188672
RHD	ENSG00000187010
RHEB	ENSG00000106615
RHOA	ENSG00000067560
RHOB	ENSG00000143878
RHOBTB2	ENSG00000008853
RHOG	ENSG00000177105
RHOU	ENSG00000116574
RHOXF2	ENSG00000131721
RIMS4	ENSG00000101098
RING1	ENSG00000204227
RNF123	ENSG00000164068
RNF145	ENSG00000145860
RNF149	ENSG00000163162
RNF20	ENSG00000155827
RNF39	ENSG00000204618
RNF41	ENSG00000181852
RNGTT	ENSG00000111880
ROCK1	ENSG00000067900
ROPN1	ENSG00000065371
ROPN1B	ENSG00000114547
RORB	ENSG00000198963
RPL10	ENSG00000147403
RPL13	ENSG00000167526
RPL15	ENSG00000174748
RPL22	ENSG00000116251
RPL30	ENSG00000156482
RPL31	ENSG00000071082
RPL36	ENSG00000130255
RPL38	ENSG00000172809
RPL39	ENSG00000198918
RPL4	ENSG00000174444
RPL7	ENSG00000147604
RPRD1A	ENSG00000141425
RPS14	ENSG00000164587
RPS15	ENSG00000115268
RPS15A	ENSG00000134419
RPS18	ENSG00000231500
RPS20	ENSG00000008988
RPS23	ENSG00000186468
RPS25	ENSG00000118181
RPS26	ENSG00000197728
RPS28	ENSG00000233927
RPS29	ENSG00000213741
RPS3	ENSG00000149273
RPS4X	ENSG00000198034
RPS5	ENSG00000083845
RPS6KA3	ENSG00000177189
RPS6KA4	ENSG00000162302
RPS6KB1	ENSG00000108443
RPS7	ENSG00000171863
RPS8	ENSG00000142937
RPS9	ENSG00000170889
RPSA	ENSG00000168028
RQCD1	ENSG00000144580
RRAGA	ENSG00000155876
RRM1	ENSG00000167325
RRN3	ENSG00000085721
RRP7A	ENSG00000189306
RSBN1	ENSG00000081019
RSBN1L	ENSG00000187257
RSF1	ENSG00000048649
RTF1	ENSG00000137815
RUNX3	ENSG00000020633
RXRB	ENSG00000204231
RXRG	ENSG00000143171
SAA1	ENSG00000173432
SAA2	ENSG00000134339
SAFB	ENSG00000160633
SAMD8	ENSG00000156671
SAP130	ENSG00000136715
SARS	ENSG00000031698
SART1	ENSG00000175467
SBNO2	ENSG00000064932
SCAF11	ENSG00000139218
SCAF4	ENSG00000156304
SCAPER	ENSG00000140386
SCCPDH	ENSG00000143653
SCN1A	ENSG00000144285
SCN2A	ENSG00000136531
SCN3A	ENSG00000153253
SCN8A	ENSG00000196876
SCNN1G	ENSG00000166828
SCRT2	ENSG00000215397
SDHC	ENSG00000143252
SEC61A1	ENSG00000058262
SEC63	ENSG00000025796
SEH1L	ENSG00000085415
SEMA5B	ENSG00000082684
SEMA6B	ENSG00000167680
SENP3	ENSG00000161956
SENP5	ENSG00000119231
SERBP1	ENSG00000142864
SERF2	ENSG00000140264
SERHL2	ENSG00000183569
SET	ENSG00000119335
SETBP1	ENSG00000152217
SETD1A	ENSG00000099381
SETD1B	ENSG00000139718
SETD2	ENSG00000181555
SETD8	ENSG00000183955
SETDB1	ENSG00000143379
SF1	ENSG00000168066
SF3A2	ENSG00000104897
SF3B1	ENSG00000115524
SF3B2	ENSG00000087365
SF3B4	ENSG00000143368
SF3B5	ENSG00000169976
SFTPA2	ENSG00000185303
SGSM1	ENSG00000167037
SH2B2	ENSG00000160999
SH2D1A	ENSG00000183918
SH2D3A	ENSG00000125731
SH3BP1	ENSG00000100092
SHC3	ENSG00000148082
SHKBP1	ENSG00000160410
SHOC2	ENSG00000108061
SHROOM1	ENSG00000164403
SIAH1	ENSG00000196470
SIGLEC11	ENSG00000161640
SIGLEC14	ENSG00000254415
SIGLEC5	ENSG00000105501
SIK3	ENSG00000160584
SIN3A	ENSG00000169375
SIPA1	ENSG00000213445
SIRPA	ENSG00000198053
SIRT7	ENSG00000187531
SIX1	ENSG00000126778
SIX2	ENSG00000170577
SIX4	ENSG00000100625
SIX5	ENSG00000177045
SKI	ENSG00000157933
SKIV2L2	ENSG00000039123
SKP1	ENSG00000113558
SLC12A4	ENSG00000124067
SLC12A5	ENSG00000124140
SLC13A3	ENSG00000158296
SLC15A3	ENSG00000110446
SLC16A6	ENSG00000108932
SLC16A8	ENSG00000100156
SLC17A7	ENSG00000104888
SLC1A4	ENSG00000115902
SLC1A6	ENSG00000105143
SLC25A1	ENSG00000100075
SLC25A28	ENSG00000155287
SLC25A42	ENSG00000181035
SLC25A5	ENSG00000005022
SLC2A3	ENSG00000059804
SLC30A10	ENSG00000196660
SLC35E2	ENSG00000215790
SLC38A10	ENSG00000157637
SLC39A10	ENSG00000196950
SLC4A10	ENSG00000144290
SLC4A4	ENSG00000080493
SLC6A3	ENSG00000142319
SLC6A8	ENSG00000130821
SLC7A1	ENSG00000139514
SLC9B1	ENSG00000164037
SLCO3A1	ENSG00000176463
SLFN11	ENSG00000172716
SLFN13	ENSG00000154760
SLMAP	ENSG00000163681
SLU7	ENSG00000164609
SMAD1	ENSG00000170365
SMAD2	ENSG00000175387
SMAD3	ENSG00000166949
SMAD4	ENSG00000141646
SMAD5	ENSG00000113658
SMAD6	ENSG00000137834
SMAP1	ENSG00000112305
SMARCA2	ENSG00000080503
SMARCA4	ENSG00000127616
SMARCA5	ENSG00000153147
SMARCB1	ENSG00000099956
SMARCE1	ENSG00000073584
SMC1A	ENSG00000072501
SMC3	ENSG00000108055
SMC6	ENSG00000163029
SMEK1	ENSG00000100796
SMG1	ENSG00000157106
SMN2	ENSG00000205571
SMNDC1	ENSG00000119953
SMPD4	ENSG00000136699
SMU1	ENSG00000122692
SMURF1	ENSG00000198742
SNAP25	ENSG00000132639
SNED1	ENSG00000162804
SNRK	ENSG00000163788
SNRNP200	ENSG00000144028
SNRNP27	ENSG00000124380
SNRPC	ENSG00000124562
SNRPD1	ENSG00000167088
SNRPD2	ENSG00000125743
SNRPD3	ENSG00000100028
SNRPF	ENSG00000139343
SNRPG	ENSG00000143977
SNTB2	ENSG00000168807
SNW1	ENSG00000100603
SNX12	ENSG00000147164
SNX13	ENSG00000071189
SNX17	ENSG00000115234
SOD1	ENSG00000142168
SORCS2	ENSG00000184985
SORD	ENSG00000140263
SORT1	ENSG00000134243
SOX11	ENSG00000176887
SOX13	ENSG00000143842
SOX2	ENSG00000181449
SOX5	ENSG00000134532
SOX8	ENSG00000005513
SP1	ENSG00000185591
SP140L	ENSG00000185404
SP3	ENSG00000172845
SP4	ENSG00000105866
SPACA1	ENSG00000118434
SPAG11A	ENSG00000178287
SPAG11B	ENSG00000164871
SPAG9	ENSG00000008294
SPANXC	ENSG00000198573
SPATA2L	ENSG00000158792
SPCS3	ENSG00000129128
SPDYE1	ENSG00000136206
SPDYE3	ENSG00000214300
SPI1	ENSG00000066336
SPIB	ENSG00000269404
SPIN1	ENSG00000106723
SPIN2A	ENSG00000147059
SPIN2B	ENSG00000186787
SPOP	ENSG00000121067
SPRED3	ENSG00000188766
SPTBN1	ENSG00000115306
SRC	ENSG00000197122
SRCIN1	ENSG00000017373
SREK1	ENSG00000153914
SRF	ENSG00000112658
SRP9	ENSG00000143742
SRRM1	ENSG00000133226
SRRM3	ENSG00000177679
SRSF1	ENSG00000136450
SRSF2	ENSG00000161547
SRSF3	ENSG00000112081
SRSF4	ENSG00000116350
SRSF5	ENSG00000100650
SRSF6	ENSG00000124193
SRSF7	ENSG00000115875
SRXN1	ENSG00000271303
SSRP1	ENSG00000149136
SSSCA1	ENSG00000173465
SSU72	ENSG00000160075
SSX4B	ENSG00000198946
ST7	ENSG00000004866
STAG2	ENSG00000101972
STAT1	ENSG00000115415
STAT3	ENSG00000168610
STAT5A	ENSG00000126561
STAT5B	ENSG00000173757
STEAP1	ENSG00000164647
STEAP1B	ENSG00000105889
STK32C	ENSG00000165752
STK39	ENSG00000198648
STMN1	ENSG00000117632
STRN3	ENSG00000196792
STRN4	ENSG00000090372
STX1B	ENSG00000099365
STXBP1	ENSG00000136854
STXBP3	ENSG00000116266
SUB1	ENSG00000113387
SUDS3	ENSG00000111707
SUGP1	ENSG00000105705
SULT1A1	ENSG00000196502
SULT1A2	ENSG00000197165
SUMO1	ENSG00000116030
SUMO3	ENSG00000184900
SUPT16H	ENSG00000092201
SUPT6H	ENSG00000109111
SUV39H1	ENSG00000101945
SUV420H1	ENSG00000110066
SUZ12	ENSG00000178691
SV2A	ENSG00000159164
SVEP1	ENSG00000165124
SYDE2	ENSG00000097096
SYK	ENSG00000165025
SYN1	ENSG00000008056
SYNCRIP	ENSG00000135316
SYNGAP1	ENSG00000197283
SYT1	ENSG00000067715
SYT2	ENSG00000143858
SYTL1	ENSG00000142765
SYVN1	ENSG00000162298
TAF1	ENSG00000147133
TAF3	ENSG00000165632
TAF6	ENSG00000106290
TAOK1	ENSG00000160551
TAOK2	ENSG00000149930
TARDBP	ENSG00000120948
TBC1D26	ENSG00000214946
TBC1D28	ENSG00000189375
TBC1D3	ENSG00000197681
TBC1D32	ENSG00000146350
TBC1D3F	ENSG00000185128
TBL1XR1	ENSG00000177565
TBP	ENSG00000112592
TBPL1	ENSG00000028839
TBX21	ENSG00000073861
TCEA1	ENSG00000187735
TCEB1	ENSG00000154582
TCEB2	ENSG00000103363
TCF15	ENSG00000125878
TCF4	ENSG00000196628
TCF7L1	ENSG00000152284
TCF7L2	ENSG00000148737
TCFL5	ENSG00000101190
TCP10	ENSG00000203690
TCP10L2	ENSG00000166984
TERF2	ENSG00000132604
TESK1	ENSG00000107140
TET1	ENSG00000138336
TET3	ENSG00000187605
TEX261	ENSG00000144043
TFAM	ENSG00000108064
TFAP4	ENSG00000090447
TFDP1	ENSG00000198176
TGFBR1	ENSG00000106799
THAP11	ENSG00000168286
THOC2	ENSG00000125676
THRB	ENSG00000151090
TIAL1	ENSG00000151923
TIMM23	ENSG00000138297
TLE3	ENSG00000140332
TLE4	ENSG00000106829
TLK1	ENSG00000198586
TLK2	ENSG00000146872
TLN1	ENSG00000137076
TLX3	ENSG00000164438
TM2D2	ENSG00000169490
TMEM110	ENSG00000213533
TMEM121	ENSG00000184986
TMEM183A	ENSG00000163444
TMEM203	ENSG00000187713
TMEM231	ENSG00000205084
TMEM259	ENSG00000182087
TMEM5	ENSG00000118600
TMEM52	ENSG00000178821
TMEM57	ENSG00000204178
TMEM63B	ENSG00000137216
TMEM64	ENSG00000180694
TNFAIP2	ENSG00000185215
TNFRSF11A	ENSG00000141655
TNFRSF25	ENSG00000215788
TNFSF13B	ENSG00000102524
TNKS2	ENSG00000107854
TNNC1	ENSG00000114854
TNPO2	ENSG00000105576
TNPO3	ENSG00000064419
TNRC18	ENSG00000182095
TNRC6A	ENSG00000090905
TNXB	ENSG00000168477
TOP1	ENSG00000198900
TOP3B	ENSG00000100038
TOR4A	ENSG00000198113
TP53	ENSG00000141510
TP53INP2	ENSG00000078804
TP53TG3D	ENSG00000205456
TPCN1	ENSG00000186815
TPM1	ENSG00000140416
TPM3	ENSG00000143549
TPO	ENSG00000115705
TPR	ENSG00000047410
TPSAB1	ENSG00000172236
TPT1	ENSG00000133112
TRA2A	ENSG00000164548
TRA2B	ENSG00000136527
TRAF3	ENSG00000131323
TRAPPC5	ENSG00000181029
TRHDE	ENSG00000072657
TRIM11	ENSG00000154370
TRIM16	ENSG00000221926
TRIM24	ENSG00000122779
TRIM25	ENSG00000121060
TRIM27	ENSG00000204713
TRIM33	ENSG00000197323
TRIM39	ENSG00000204599
TRIM43	ENSG00000144015
TRIM47	ENSG00000132481
TRIM49	ENSG00000168930
TRIM49B	ENSG00000182053
TRIM49C	ENSG00000204449
TRIM61	ENSG00000183439
TRIM7	ENSG00000146054
TRIP10	ENSG00000125733
TRPA1	ENSG00000104321
TRRAP	ENSG00000196367
TSSK6	ENSG00000178093
TTBK1	ENSG00000146216
TTC7B	ENSG00000165914
TUBA1A	ENSG00000167552
TUBA1B	ENSG00000123416
TUBA1C	ENSG00000167553
TUBB	ENSG00000196230
TUBB3	ENSG00000198211
TUBB4A	ENSG00000104833
TUBB8	ENSG00000173876
TUBG1	ENSG00000131462
TUBG2	ENSG00000037042
TUBGCP3	ENSG00000126216
TULP4	ENSG00000130338
TVP23B	ENSG00000171928
TVP23C	ENSG00000175106
TWIST1	ENSG00000122691
TWIST2	ENSG00000233608
TXLNG	ENSG00000086712
TXNL4A	ENSG00000141759
TYK2	ENSG00000105397
TYMS	ENSG00000176890
U2AF1	ENSG00000160201
U2AF2	ENSG00000063244
UBA2	ENSG00000126261
UBA52	ENSG00000221983
UBALD2	ENSG00000185262
UBAP2L	ENSG00000143569
UBB	ENSG00000170315
UBC	ENSG00000150991
UBE2A	ENSG00000077721
UBE2D2	ENSG00000131508
UBE2D3	ENSG00000109332
UBE2E3	ENSG00000170035
UBE2G1	ENSG00000132388
UBE2H	ENSG00000186591
UBE2I	ENSG00000103275
UBE2K	ENSG00000078140
UBE2L3	ENSG00000185651
UBE2M	ENSG00000130725
UBE2N	ENSG00000177889
UBE2Q1	ENSG00000160714
UBE2R2	ENSG00000107341
UBE2S	ENSG00000108106
UBE2Z	ENSG00000159202
UBN2	ENSG00000157741
UBQLN1	ENSG00000135018
UBR5	ENSG00000104517
UBTF	ENSG00000108312
UBXN7	ENSG00000163960
UCN	ENSG00000163794
UGDH	ENSG00000109814
UGT2B15	ENSG00000196620
UHRF2	ENSG00000147854
ULBP2	ENSG00000131015
UNC13A	ENSG00000130477
UNK	ENSG00000132478
UPF1	ENSG00000005007
UPRT	ENSG00000094841
USP11	ENSG00000102226
USP14	ENSG00000101557
USP18	ENSG00000184979
USP27X	ENSG00000242013
USP31	ENSG00000103404
USP32	ENSG00000170832
USP47	ENSG00000170242
USP48	ENSG00000090686
USP7	ENSG00000187555
USP9X	ENSG00000124486
VAC14	ENSG00000103043
VAMP2	ENSG00000220205
VCL	ENSG00000035403
VCP	ENSG00000165280
VPS13A	ENSG00000197969
VPS28	ENSG00000160948
VPS35	ENSG00000069329
VPS52	ENSG00000223501
VSNL1	ENSG00000163032
VWA1	ENSG00000179403
VWF	ENSG00000110799
WAPAL	ENSG00000062650
WBP11	ENSG00000084463
WBSCR16	ENSG00000174374
WDFY3	ENSG00000163625
WDR24	ENSG00000127580
WDR5	ENSG00000196363
WDR70	ENSG00000082068
WDR74	ENSG00000133316
WDR82	ENSG00000164091
WEE1	ENSG00000166483
WHAMM	ENSG00000156232
WHSC1	ENSG00000109685
WHSC1L1	ENSG00000147548
WNK1	ENSG00000060237
WNK3	ENSG00000196632
WNT3	ENSG00000108379
WNT6	ENSG00000115596
WTAP	ENSG00000146457
XKR3	ENSG00000172967
XPO1	ENSG00000082898
XPO5	ENSG00000124571
XPO7	ENSG00000130227
XRN2	ENSG00000088930
YAP1	ENSG00000137693
YBX1	ENSG00000065978
YBX2	ENSG00000006047
YBX3	ENSG00000060138
YPEL1	ENSG00000100027
YPEL3	ENSG00000090238
YPEL5	ENSG00000119801
YTHDC1	ENSG00000083896
YWHAE	ENSG00000108953
YWHAG	ENSG00000170027
YWHAZ	ENSG00000164924
YY1	ENSG00000100811
YY1AP1	ENSG00000163374
ZBTB12	ENSG00000204366
ZBTB16	ENSG00000109906
ZBTB17	ENSG00000116809
ZBTB2	ENSG00000181472
ZBTB20	ENSG00000181722
ZBTB41	ENSG00000177888
ZBTB45	ENSG00000119574
ZBTB46	ENSG00000130584
ZC3HAV1L	ENSG00000146858
ZC4H2	ENSG00000126970
ZCCHC11	ENSG00000134744
ZDHHC1	ENSG00000159714
ZDHHC11	ENSG00000188818
ZDHHC11B	ENSG00000206077
ZDHHC24	ENSG00000174165
ZDHHC9	ENSG00000188706
ZEB1	ENSG00000148516
ZEB2	ENSG00000169554
ZFAND3	ENSG00000156639
ZFAND5	ENSG00000107372
ZFP36L1	ENSG00000185650
ZFP91	ENSG00000186660
ZFR	ENSG00000056097
ZIC3	ENSG00000156925
ZMAT2	ENSG00000146007
ZMIZ1	ENSG00000108175
ZMYM2	ENSG00000121741
ZMYND11	ENSG00000015171
ZMYND8	ENSG00000101040
ZNF12	ENSG00000164631
ZNF131	ENSG00000172262
ZNF148	ENSG00000163848
ZNF207	ENSG00000010244
ZNF280C	ENSG00000056277
ZNF282	ENSG00000170265
ZNF320	ENSG00000182986
ZNF366	ENSG00000178175
ZNF367	ENSG00000165244
ZNF407	ENSG00000215421
ZNF423	ENSG00000102935
ZNF443	ENSG00000180855
ZNF492	ENSG00000229676
ZNF525	ENSG00000203326
ZNF701	ENSG00000167562
ZNF705A	ENSG00000196946
ZNF771	ENSG00000179965
ZNF777	ENSG00000196453
ZNF813	ENSG00000198346
ZNF827	ENSG00000151612
ZP3	ENSG00000188372
ZRANB2	ENSG00000132485
ZSWIM5	ENSG00000162415
ZSWIM8	ENSG00000214655
